,Open,High,Low,Close,Volume,Dividends,Stock Splits,compound
2019-12-24,27.89066696166992,28.36466789245605,27.512666702270508,28.350000381469727,120820500,0.0,0.0,0.5567934782608698
2019-12-26,28.527332305908203,28.898666381835938,28.42333221435547,28.72933387756348,159508500,0.0,0.0,0.592526631016042
2019-12-27,29.0,29.020666122436523,28.40733337402344,28.691999435424805,149185500,0.0,0.0,0.6273894146948936
2019-12-30,28.586000442504883,28.600000381469727,27.28400039672852,27.64666748046875,188796000,0.0,0.0,0.6313140798226158
2019-12-31,27.0,28.086000442504883,26.80533218383789,27.8886661529541,154285500,0.0,0.0,0.5590973201692522
2020-01-02,28.299999237060547,28.71333312988281,28.11400032043457,28.68400001525879,142981500,0.0,0.0,0.5108213263979194
2020-01-03,29.36666679382324,30.26666641235352,29.12800025939941,29.53400039672852,266677500,0.0,0.0,0.5848168632893821
2020-01-06,29.36466789245605,30.10400009155273,29.333332061767575,30.1026668548584,151995000,0.0,0.0,0.5565483530961789
2020-01-07,30.76000022888184,31.441999435424805,30.224000930786133,31.270666122436523,268231500,0.0,0.0,0.5193098159509201
2020-01-08,31.57999992370605,33.232666015625,31.215333938598636,32.80933380126953,467164500,0.0,0.0,0.5876493666026869
2020-01-09,33.13999938964844,33.25333404541016,31.524667739868164,32.089332580566406,426606000,0.0,0.0,0.5903468401487001
2020-01-10,32.11933135986328,32.3293342590332,31.57999992370605,31.87666702270508,194392500,0.0,0.0,0.6463986854460095
2020-01-13,32.900001525878906,35.04199981689453,32.79999923706055,34.990665435791016,397764000,0.0,0.0,0.5196202469135797
2020-01-14,36.28400039672852,36.49399948120117,34.99333190917969,35.861331939697266,434943000,0.0,0.0,0.6118925021795978
2020-01-15,35.31733322143555,35.85599899291992,34.452667236328125,34.56666564941406,260532000,0.0,0.0,0.6534492729306491
2020-01-16,32.91666793823242,34.297332763671875,32.81133270263672,34.232666015625,326050500,0.0,0.0,0.5795534356725135
2020-01-17,33.840667724609375,34.37799835205078,33.54399871826172,34.03333282470703,204436500,0.0,0.0,0.5781497887323948
2020-01-21,35.349998474121094,36.571998596191406,35.227333068847656,36.47999954223633,267052500,0.0,0.0,0.537303199117484
2020-01-22,38.1259994506836,39.633331298828125,37.27333450317383,37.97066879272461,470535000,0.0,0.0,0.5876257201646086
2020-01-23,37.61666870117188,38.79999923706055,37.040000915527344,38.14666748046875,294765000,0.0,0.0,0.5950758271077891
2020-01-24,38.04199981689453,38.25733184814453,36.95066833496094,37.654666900634766,215304000,0.0,0.0,0.6088715012722633
2020-01-27,36.13266754150391,37.62933349609375,35.95199966430664,37.20133209228516,204121500,0.0,0.0,0.6212358048780486
2020-01-28,37.89933395385742,38.45399856567383,37.2053337097168,37.79333114624024,176827500,0.0,0.0,0.5673513812154696
2020-01-29,38.37933349609375,39.31999969482422,37.82866668701172,38.732666015625,267022500,0.0,0.0,0.4778401082381218
2020-01-30,42.16133117675781,43.391998291015625,41.20000076293945,42.72066879272461,435085500,0.0,0.0,0.6247600920679871
2020-01-31,42.66666793823242,43.53333282470703,42.167999267578125,43.37133407592773,235789500,0.0,0.0,0.6227214547677251
2020-02-03,44.91266632080078,52.40933227539063,44.90133285522461,52.0,705975000,0.0,0.0,0.5021513733905575
2020-02-04,58.86399841308594,64.59933471679688,55.59199905395508,59.137332916259766,914082000,0.0,0.0,0.5345905372991197
2020-02-05,54.88399887084961,56.39866638183594,46.94066619873047,48.97999954223633,726357000,0.0,0.0,0.5655362976664857
2020-02-06,46.66133117675781,53.05533218383789,45.79999923706055,49.93066787719727,598212000,0.0,0.0,0.5478319208512272
2020-02-07,48.70333480834961,51.31666564941406,48.66666793823242,49.87133407592773,255952500,0.0,0.0,0.5868499999999992
2020-02-10,53.33333206176758,54.66600036621094,50.15999984741211,51.41866683959961,370338000,0.0,0.0,0.5727358947368418
2020-02-11,51.25266647338867,52.23400115966797,50.53333282470703,51.62533187866211,175462500,0.0,0.0,0.5383013832853019
2020-02-12,51.858001708984375,52.650001525878906,50.891334533691406,51.15266799926758,180337500,0.0,0.0,0.5248606662770305
2020-02-13,49.45600128173828,54.53333282470703,49.0,53.59999847412109,394339500,0.0,0.0,0.563459703947368
2020-02-14,52.4813346862793,54.198001861572266,52.36666870117188,53.33533477783203,235405500,0.0,0.0,0.6185473791348597
2020-02-18,56.106666564941406,57.33333206176758,55.490665435791016,57.22666549682617,245725500,0.0,0.0,0.5555168287937736
2020-02-19,61.56666564941406,62.98533248901367,60.06800079345703,61.16133117675781,381345000,0.0,0.0,0.553308140582757
2020-02-20,60.79666519165039,60.79999923706055,57.3293342590332,59.96066665649414,264523500,0.0,0.0,0.5853320428336064
2020-02-21,60.46533203125,60.87066650390625,58.6966667175293,60.06666564941406,214722000,0.0,0.0,0.5844287617168218
2020-02-24,55.93333435058594,57.56666564941406,54.81333160400391,55.58599853515625,227883000,0.0,0.0,0.6385489485981306
2020-02-25,56.59999847412109,57.106666564941406,52.46666717529297,53.32733154296875,259357500,0.0,0.0,0.5864773595505607
2020-02-26,52.16666793823242,54.22066879272461,51.740665435791016,51.91999816894531,211282500,0.0,0.0,0.5985776883266237
2020-02-27,48.66666793823242,49.31800079345703,44.59999847412109,45.26666641235352,364158000,0.0,0.0,0.60169936276741
2020-02-28,41.97999954223633,46.03466796875,40.76800155639648,44.53266525268555,363343500,0.0,0.0,0.6549920101781158
2020-03-02,47.41733169555664,49.5793342590332,45.77799987792969,49.574668884277344,302925000,0.0,0.0,0.5162728935336386
2020-03-03,53.66666793823242,53.79866790771485,47.740665435791016,49.70066833496094,386760000,0.0,0.0,0.5860083485679463
2020-03-04,50.93066787719727,51.10133361816406,48.31533432006836,49.96666717529297,225735000,0.0,0.0,0.5976498985801213
2020-03-05,48.2513313293457,49.71666717529297,47.87133407592773,48.30266571044922,162790500,0.0,0.0,0.5833121239744752
2020-03-06,46.0,47.133331298828125,45.61800003051758,46.89866638183594,189943500,0.0,0.0,0.6101775580395535
2020-03-09,40.35933303833008,44.20000076293945,40.33333206176758,40.53333282470703,256105500,0.0,0.0,0.5961730874316945
2020-03-10,43.96200180053711,44.53333282470703,40.53333282470703,43.02199935913086,233916000,0.0,0.0,0.5926145869947272
2020-03-11,42.68000030517578,43.571998596191406,40.86666870117188,42.28200149536133,199837500,0.0,0.0,0.5922005718954241
2020-03-12,38.72600173950195,39.633331298828125,36.41666793823242,37.369998931884766,283636500,0.0,0.0,0.6102468002585656
2020-03-13,39.66666793823242,40.50466537475586,33.46666717529297,36.44133377075195,339604500,0.0,0.0,0.5580937653814599
2020-03-16,31.299999237060547,32.9913330078125,29.47800064086914,29.67133331298828,307342500,0.0,0.0,0.5559738129496418
2020-03-17,29.333999633789062,31.456666946411133,26.399999618530277,28.68000030517578,359919000,0.0,0.0,0.6151761877172658
2020-03-18,25.933332443237305,26.99066734313965,23.367332458496094,24.08133316040039,356793000,0.0,0.0,0.5543401627572999
2020-03-19,24.979999542236328,30.13333320617676,23.8973331451416,28.50933265686035,452932500,0.0,0.0,0.5545292415949945
2020-03-20,29.21333312988281,31.799999237060547,28.38599967956543,28.50200080871582,424282500,0.0,0.0,0.6424335602094239
2020-03-23,28.906667709350582,29.46666717529297,27.36666679382324,28.952667236328125,246817500,0.0,0.0,0.6147117065127766
2020-03-24,31.81999969482422,34.24599838256836,31.600000381469727,33.66666793823242,343428000,0.0,0.0,0.583285985748219
2020-03-25,36.34999847412109,37.133331298828125,34.07400131225586,35.95000076293945,318340500,0.0,0.0,0.6458904132231403
2020-03-26,36.49266815185547,37.33333206176758,34.150001525878906,35.21066665649414,260710500,0.0,0.0,0.5942308593750003
2020-03-27,33.66666793823242,35.0533332824707,32.935333251953125,34.29066848754883,215661000,0.0,0.0,0.6005693264248697
2020-03-30,34.017333984375,34.44333267211914,32.7486686706543,33.47533416748047,179971500,0.0,0.0,0.6102489062500004
2020-03-31,33.41666793823242,36.19733428955078,33.133331298828125,34.93333435058594,266572500,0.0,0.0,0.5486926439232405
2020-04-01,33.599998474121094,34.26333236694336,31.67333221435547,32.104000091552734,200298000,0.0,0.0,0.5231237843551796
2020-04-02,32.06866836547852,32.95066833496094,29.76000022888184,30.29800033569336,297876000,0.0,0.0,0.5573841070453303
2020-04-03,33.96666717529297,34.36600112915039,31.22599983215332,32.000667572021484,338431500,0.0,0.0,0.6320748242811493
2020-04-06,34.08000183105469,34.733333587646484,33.19733428955078,34.41600036621094,223527000,0.0,0.0,0.6058695044472674
2020-04-07,36.33333206176758,37.66666793823242,35.48933410644531,36.36333465576172,268797000,0.0,0.0,0.5398632075471694
2020-04-08,36.9466667175293,37.14733123779297,35.55533218383789,36.589332580566406,189840000,0.0,0.0,0.6011131782945737
2020-04-09,37.4726676940918,38.345333099365234,37.14066696166992,38.20000076293945,204750000,0.0,0.0,0.568889449003516
2020-04-13,39.34400177001953,43.46666717529297,38.70199966430664,43.39666748046875,337131000,0.0,0.0,0.5719171336206892
2020-04-14,46.59799957275391,49.45866775512695,46.1619987487793,47.32600021362305,458647500,0.0,0.0,0.6054328223270429
2020-04-15,49.46666717529297,50.20866775512695,47.33333206176758,48.65533447265625,353655000,0.0,0.0,0.6278378207824957
2020-04-16,47.79600143432617,50.630001068115234,47.11466598510742,49.68066787719727,309868500,0.0,0.0,0.5808286276715394
2020-04-17,51.48533248901367,51.663333892822266,49.84400177001953,50.25933456420898,196923000,0.0,0.0,0.6322920411985011
2020-04-20,48.8466682434082,51.03799819946289,47.48066711425781,49.75733184814453,221199000,0.0,0.0,0.5562604900459414
2020-04-21,48.67466735839844,50.22200012207031,44.91933441162109,45.78133392333984,303136500,0.0,0.0,0.5896195500387899
2020-04-22,46.93199920654297,48.93333435058594,45.91400146484375,48.80733489990234,212482500,0.0,0.0,0.5378611827141765
2020-04-23,48.50666809082031,48.93333435058594,46.87533187866211,47.04199981689453,198550500,0.0,0.0,0.5577797327394205
2020-04-24,47.387332916259766,48.71533203125,46.54533386230469,48.34333419799805,198180000,0.0,0.0,0.5107018791946306
2020-04-27,49.17399978637695,53.29933166503906,49.0,53.25,310221000,0.0,0.0,0.5736926128590963
2020-04-28,53.042667388916016,53.66666793823242,50.44599914550781,51.27466583251953,228330000,0.0,0.0,0.6281766923736071
2020-04-29,52.678001403808594,53.54666519165039,52.21066665649414,53.367332458496094,243240000,0.0,0.0,0.550738581263093
2020-04-30,57.01266860961914,57.98799896240234,50.900001525878906,52.12533187866211,427078500,0.0,0.0,0.5900304300686666
2020-05-01,50.33333206176758,51.51800155639648,45.5359992980957,46.75466537475586,487977000,0.0,0.0,0.5295887447108598
2020-05-04,46.73333358764648,50.79999923706055,46.53333282470703,50.74599838256836,288556500,0.0,0.0,0.6289835853131738
2020-05-05,52.65266799926758,53.26133346557617,50.8120002746582,51.2140007019043,254875500,0.0,0.0,0.6277770766258848
2020-05-06,51.76666641235352,52.6533317565918,50.740665435791016,52.172000885009766,166848000,0.0,0.0,0.5766736514522816
2020-05-07,51.81399917602539,53.09333419799805,51.4900016784668,52.00266647338867,172915500,0.0,0.0,0.5739559723593284
2020-05-08,52.917999267578125,54.93333435058594,52.46733474731445,54.62799835205078,241297500,0.0,0.0,0.5940576443057716
2020-05-11,52.70066833496094,54.93333435058594,52.33333206176758,54.08599853515625,247794000,0.0,0.0,0.5667296593186376
2020-05-12,55.133331298828125,56.21933364868164,53.86666870117188,53.96066665649414,238603500,0.0,0.0,0.530249515347335
2020-05-13,54.72200012207031,55.06666564941406,50.88666534423828,52.73066711425781,285982500,0.0,0.0,0.5703313104661383
2020-05-14,52.0,53.55733489990234,50.93333435058594,53.55533218383789,205233000,0.0,0.0,0.5919116040955628
2020-05-15,52.68999862670898,53.66999816894531,52.436668395996094,53.27799987792969,157776000,0.0,0.0,0.623528391608392
2020-05-18,55.185333251953125,55.64799880981445,53.59199905395508,54.242000579833984,174987000,0.0,0.0,0.5450119162640898
2020-05-19,54.34466552734375,54.80466842651367,53.73866653442383,53.867332458496094,144547500,0.0,0.0,0.5631124045801531
2020-05-20,54.70000076293945,55.06666564941406,54.119998931884766,54.37066650390625,109639500,0.0,0.0,0.560230985915493
2020-05-21,54.400001525878906,55.5,53.06666564941406,55.17333221435547,183819000,0.0,0.0,0.5248134487350208
2020-05-22,54.81133270263672,55.45199966430664,54.133331298828125,54.45866775512695,149812500,0.0,0.0,0.5026584507042254
2020-05-26,55.633331298828125,55.63999938964844,54.38066864013672,54.5913314819336,121345500,0.0,0.0,0.5768511777301931
2020-05-27,54.7239990234375,55.18066787719727,52.33333206176758,54.68199920654297,173242500,0.0,0.0,0.5522004479283311
2020-05-28,54.23400115966797,54.98333358764648,53.44599914550781,53.72066879272461,108834000,0.0,0.0,0.6533366729678634
2020-05-29,53.91666793823242,55.66666793823242,53.61399841308594,55.66666793823242,176467500,0.0,0.0,0.5426508295625945
2020-06-01,57.20000076293945,59.93333435058594,56.93999862670898,59.87333297729492,224092500,0.0,0.0,0.5349358461538463
2020-06-02,59.64666748046875,60.57733154296875,58.06666564941406,58.77066802978516,203484000,0.0,0.0,0.575567164179104
2020-06-03,59.20800018310547,59.86266708374024,58.67333221435547,58.86399841308594,119242500,0.0,0.0,0.5633716814159296
2020-06-04,59.32533264160156,59.71666717529297,57.22933197021485,57.62533187866211,133315500,0.0,0.0,0.5887202177293928
2020-06-05,58.52266693115234,59.10133361816406,57.74666595458984,59.04399871826172,117178500,0.0,0.0,0.5181446397188055
2020-06-08,61.26666641235352,63.33333206176758,60.61066818237305,63.32799911499024,212620500,0.0,0.0,0.5460577464788721
2020-06-09,62.66733169555664,63.62933349609375,61.595333099365234,62.711334228515625,170823000,0.0,0.0,0.6217649784482762
2020-06-10,66.12533569335938,68.49866485595703,65.5,68.336669921875,278451000,0.0,0.0,0.5372591818181807
2020-06-11,66.01333618164062,67.9306640625,64.80000305175781,64.85600280761719,238747500,0.0,0.0,0.6770970390309552
2020-06-12,65.33333587646484,65.8653335571289,60.84000015258789,62.35200119018555,251451000,0.0,0.0,0.6450483207676492
2020-06-15,61.18600082397461,66.5893325805664,60.56666564941406,66.05999755859375,235458000,0.0,0.0,0.6001355648535559
2020-06-16,67.4566650390625,67.52532958984375,64.15933227539062,65.47533416748047,210766500,0.0,0.0,0.5628667541557316
2020-06-17,65.84733581542969,67.0,65.50466918945312,66.11933135986328,148362000,0.0,0.0,0.5687862997658071
2020-06-18,66.86666870117188,67.94667053222656,66.2979965209961,66.9306640625,146278500,0.0,0.0,0.5569841993637329
2020-06-19,67.51866912841797,67.73133087158203,66.0893325805664,66.72666931152344,130195500,0.0,0.0,0.6175398601398595
2020-06-22,66.663330078125,67.2586669921875,66.00133514404297,66.28800201416016,95436000,0.0,0.0,0.5996400437636764
2020-06-23,66.59200286865234,67.46666717529297,66.267333984375,66.78533172607422,95479500,0.0,0.0,0.5528060077519379
2020-06-24,66.27400207519531,66.72533416748047,63.542667388916016,64.0566635131836,164394000,0.0,0.0,0.6666338929695693
2020-06-25,63.61800003051758,65.73200225830078,62.47666549682617,65.73200225830078,138817500,0.0,0.0,0.6529430952380948
2020-06-26,66.31866455078125,66.33333587646484,63.65800094604492,63.982666015625,132823500,0.0,0.0,0.6184431372549013
2020-06-29,64.60066986083984,67.33333587646484,63.23466873168945,67.29000091552734,135396000,0.0,0.0,0.6210191111111111
2020-06-30,67.0999984741211,72.51266479492188,66.91533660888672,71.98733520507812,253777500,0.0,0.0,0.5729664335664337
2020-07-01,72.19999694824219,75.68866729736328,72.03333282470703,74.64199829101562,199903500,0.0,0.0,0.5819807863031067
2020-07-02,81.43199920654297,81.86666870117188,79.04000091552734,80.57733154296875,258751500,0.0,0.0,0.6267702079565983
2020-07-06,85.11266326904297,91.85266876220705,84.40266418457031,91.43866729736328,308548500,0.0,0.0,0.6188671700590921
2020-07-07,93.6673355102539,95.3000030517578,89.11399841308594,92.65733337402344,322345500,0.0,0.0,0.6165396334890396
2020-07-08,93.66666412353516,94.48400115966795,87.42266845703125,91.05867004394533,244669500,0.0,0.0,0.6384575944487255
2020-07-09,93.1326675415039,93.90399932861328,90.08533477783205,92.9520034790039,175764000,0.0,0.0,0.6223258760107819
2020-07-10,93.06666564941406,103.2613296508789,91.73400115966795,102.97666931152344,350064000,0.0,0.0,0.5642378819444428
2020-07-13,110.5999984741211,119.66600036621094,98.0739974975586,99.8040008544922,584781000,0.0,0.0,0.5969863741339532
2020-07-14,103.73332977294922,106.0,95.4000015258789,101.12000274658205,351271500,0.0,0.0,0.5779594844048361
2020-07-15,102.86666870117188,103.33333587646484,97.13333129882812,103.06732940673828,245517000,0.0,0.0,0.5942003196347018
2020-07-16,98.47733306884766,102.11399841308594,97.73332977294922,100.04266357421876,214512000,0.0,0.0,0.6742703016241289
2020-07-17,100.89666748046876,102.50066375732422,99.33333587646484,100.05599975585938,139950000,0.0,0.0,0.6978392220421394
2020-07-20,101.267333984375,110.0,99.1999969482422,109.53333282470705,256821000,0.0,0.0,0.5910411989100812
2020-07-21,109.32866668701172,111.66666412353516,103.86666870117188,104.55733489990234,241608000,0.0,0.0,0.672246369245372
2020-07-22,106.5999984741211,108.4280014038086,104.13333129882812,106.15533447265624,212416500,0.0,0.0,0.518419893460693
2020-07-23,111.93000030517578,112.5999984741211,98.71800231933594,100.87133026123048,364927500,0.0,0.0,0.6346588936170198
2020-07-24,94.40066528320312,97.66666412353516,91.10266876220705,94.46666717529295,290949000,0.0,0.0,0.6589173842404557
2020-07-27,95.66666412353516,103.1959991455078,94.1999969482422,102.63999938964844,240730500,0.0,0.0,0.6078361010830317
2020-07-28,100.26667022705078,104.3133316040039,98.29467010498048,98.43267059326172,237130500,0.0,0.0,0.5884714194780397
2020-07-29,100.06666564941406,102.32066345214844,99.13333129882812,99.94066619873048,141403500,0.0,0.0,0.5806748997594212
2020-07-30,99.1999969482422,100.8826675415039,98.06666564941406,99.16600036621094,114315000,0.0,0.0,0.6662816079295152
2020-07-31,101.0,101.13666534423828,94.73200225830078,95.38400268554688,183123000,0.0,0.0,0.6003546558704445
2020-08-03,96.61333465576172,100.65399932861328,96.29199981689452,99.0,132139500,0.0,0.0,0.6505541620421746
2020-08-04,99.6673355102539,101.82733154296876,97.46666717529295,99.13333129882812,126225000,0.0,0.0,0.5818027056277046
2020-08-05,99.5326690673828,99.98933410644533,97.88733673095705,99.00133514404295,74217000,0.0,0.0,0.635495970149253
2020-08-06,99.38866424560548,101.15399932861328,98.48400115966795,99.30533599853516,89884500,0.0,0.0,0.6182788135593221
2020-08-07,99.96932983398438,99.98332977294922,94.33399963378906,96.84733581542967,133446000,0.0,0.0,0.6468493258426964
2020-08-10,96.53333282470705,97.16666412353516,92.38933563232422,94.5713348388672,112834500,0.0,0.0,0.5837266375545849
2020-08-11,93.06666564941406,94.66666412353516,91.0,91.6259994506836,129387000,0.0,0.0,0.641359316321618
2020-08-12,98.0,105.66666412353516,95.66666412353516,103.65066528320312,327441000,0.0,0.0,0.6532429136253037
2020-08-13,107.4000015258789,110.07866668701172,104.48400115966795,108.06666564941406,306379500,0.0,0.0,0.6098694340796005
2020-08-14,110.99933624267578,111.25333404541016,108.44266510009766,110.04733276367188,188664000,0.0,0.0,0.6049375233644854
2020-08-17,111.8000030517578,123.05733489990234,111.52200317382812,122.3759994506836,303634500,0.0,0.0,0.5825601690294434
2020-08-18,126.59933471679688,128.25999450683594,123.00733184814452,125.80599975585938,247117500,0.0,0.0,0.6527262223436225
2020-08-19,124.33333587646484,127.4000015258789,122.74732971191406,125.23533630371094,183079500,0.0,0.0,0.6561990665584405
2020-08-20,124.04533386230467,134.79933166503906,123.8040008544922,133.45533752441406,309177000,0.0,0.0,0.5550265154556437
2020-08-21,136.3173370361328,139.69932556152344,135.00332641601562,136.6653289794922,322344000,0.0,0.0,0.667869516551562
2020-08-24,141.7519989013672,141.93333435058594,128.50132751464844,134.27999877929688,300954000,0.0,0.0,0.6587126499739208
2020-08-25,131.65933227539062,135.19667053222656,131.1999969482422,134.8893280029297,159883500,0.0,0.0,0.6679713509597965
2020-08-26,137.3333282470703,144.39999389648438,136.90866088867188,143.54466247558594,213591000,0.0,0.0,0.6289115183246056
2020-08-27,145.36399841308594,153.0399932861328,142.8333282470703,149.25,355395000,0.0,0.0,0.6141753300543614
2020-08-28,153.00799560546875,154.5659942626953,145.76800537109375,147.55999755859375,301218000,0.0,0.0,0.6373369148936212
2020-08-31,148.20333862304688,166.7133331298828,146.70333862304688,166.10667419433594,355123200,0.0,5.0,0.6020599032063005
2020-09-01,167.3800048828125,167.49667358398438,156.836669921875,158.35000610351562,269523300,0.0,0.0,0.6450802089000174
2020-09-02,159.663330078125,159.67999267578125,135.0399932861328,149.1233367919922,288528300,0.0,0.0,0.6090609436069317
2020-09-03,135.7433319091797,143.93333435058594,134.0,135.6666717529297,262788300,0.0,0.0,0.6243619520264723
2020-09-04,134.27000427246094,142.6666717529297,124.00666809082033,139.44000244140625,330965700,0.0,0.0,0.6064750211582706
2020-09-08,118.66666412353516,122.913330078125,109.95999908447266,110.06999969482422,346397100,0.0,0.0,0.6339211882974696
2020-09-09,118.86666870117188,123.0,113.836669921875,122.09333038330078,238397400,0.0,0.0,0.6297030714916193
2020-09-10,128.73666381835938,132.99667358398438,120.1866683959961,123.77999877929688,254791800,0.0,0.0,0.6136703102818944
2020-09-11,127.3133316040039,127.5,120.16666412353516,124.23999786376952,182152500,0.0,0.0,0.6136892253745604
2020-09-14,126.98332977294922,140.0,124.43333435058594,139.8733367919922,249061800,0.0,0.0,0.5667618903754884
2020-09-15,145.52000427246094,153.97999572753906,143.56666564941406,149.9199981689453,291894600,0.0,0.0,0.597723422948521
2020-09-16,146.6233367919922,152.59666442871094,145.10333251953125,147.25332641601562,216837900,0.0,0.0,0.6231251498386362
2020-09-17,138.53334045410156,145.92999267578125,136.0,141.14332580566406,230337600,0.0,0.0,0.662549396191364
2020-09-18,149.31333923339844,150.3333282470703,142.93333435058594,147.38333129882812,259220400,0.0,0.0,0.6155240972064523
2020-09-21,151.0433349609375,151.89332580566406,135.69000244140625,149.79666137695312,328430400,0.0,0.0,0.624046381532368
2020-09-22,143.1999969482422,145.9199981689453,139.1999969482422,141.41000366210938,238742400,0.0,0.0,0.5115676163510957
2020-09-23,135.05332946777344,137.38333129882812,125.2933349609375,126.7866668701172,285222600,0.0,0.0,0.6250680229986801
2020-09-24,121.26667022705078,133.1666717529297,117.0999984741211,129.26333618164062,289683300,0.0,0.0,0.5952993726765818
2020-09-25,131.1566619873047,136.2433319091797,130.43333435058594,135.77999877929688,201625500,0.0,0.0,0.604133347732179
2020-09-28,141.5399932861328,142.69332885742188,138.51666259765625,140.39999389648438,149158800,0.0,0.0,0.6123603319977095
2020-09-29,138.6666717529297,142.8333282470703,137.1999969482422,139.69000244140625,150657900,0.0,0.0,0.6156675155631003
2020-09-30,140.44000244140625,144.64332580566406,140.1566619873047,143.00332641601562,144436800,0.0,0.0,0.619155549389566
2020-10-01,146.9199981689453,149.6266632080078,144.80667114257812,149.3866729736328,152224500,0.0,0.0,0.5913717600700521
2020-10-02,140.4633331298828,146.3766632080078,138.3333282470703,138.3633270263672,214290000,0.0,0.0,0.6085601626016245
2020-10-05,141.11666870117188,144.54666137695312,139.77667236328125,141.89332580566406,134168400,0.0,0.0,0.5630709224598927
2020-10-06,141.26333618164062,142.92666625976562,135.35000610351562,137.9933319091797,147438900,0.0,0.0,0.6356767061477702
2020-10-07,139.9566650390625,143.3000030517578,137.9499969482422,141.76666259765625,129383100,0.0,0.0,0.5902972704714626
2020-10-08,146.14666748046875,146.3333282470703,141.76666259765625,141.97332763671875,121263300,0.0,0.0,0.5693467645096725
2020-10-09,143.3766632080078,144.8633270263672,142.15333557128906,144.6666717529297,86777100,0.0,0.0,0.5836299621928159
2020-10-12,147.3333282470703,149.5800018310547,146.19332885742188,147.43333435058594,116373300,0.0,0.0,0.5893462365591388
2020-10-13,147.78334045410156,149.6300048828125,145.53334045410156,148.88333129882812,103391100,0.0,0.0,0.6340858717434861
2020-10-14,149.92666625976562,155.3000030517578,149.11666870117188,153.76666259765625,143639100,0.0,0.0,0.5754198417184839
2020-10-15,150.10333251953125,152.19000244140625,147.5,149.6266632080078,107017200,0.0,0.0,0.6032695848375458
2020-10-16,151.47999572753906,151.98333740234375,146.28334045410156,146.55667114257812,98327700,0.0,0.0,0.6315718557607729
2020-10-19,148.74667358398438,149.0,142.9566650390625,143.61000061035156,108863400,0.0,0.0,0.5887528110599075
2020-10-20,143.9166717529297,143.9166717529297,139.68333435058594,140.64666748046875,94968900,0.0,0.0,0.5928321533923299
2020-10-21,140.89999389648438,144.31666564941406,140.4166717529297,140.8800048828125,97111500,0.0,0.0,0.5243308123249281
2020-10-22,147.30667114257812,148.41000366210938,141.50332641601562,141.92999267578125,119979600,0.0,0.0,0.5841348909657303
2020-10-23,140.6133270263672,140.9633331298828,135.7933349609375,140.2100067138672,101151000,0.0,0.0,0.5789119402985071
2020-10-26,137.2100067138672,141.9199981689453,136.6666717529297,140.0933380126953,84717600,0.0,0.0,0.5208109452736307
2020-10-27,141.25332641601562,143.5,140.03334045410156,141.55999755859375,68059500,0.0,0.0,0.6038943427620631
2020-10-28,138.82666015625,139.53334045410156,135.3333282470703,135.33999633789062,76354200,0.0,0.0,0.5909546052631575
2020-10-29,136.65333557128906,139.35333251953125,135.48666381835938,136.94332885742188,67965900,0.0,0.0,0.6392843037974675
2020-10-30,135.63333129882812,135.8633270263672,126.37000274658205,129.34666442871094,127533900,0.0,0.0,0.6352123140495862
2020-11-02,131.3333282470703,135.66000366210938,130.76666259765625,133.50332641601562,87063300,0.0,0.0,0.6389389447236177
2020-11-03,136.57666015625,142.58999633789062,135.56333923339844,141.3000030517578,103055100,0.0,0.0,0.5696665203073538
2020-11-04,143.5399932861328,145.13333129882812,139.03334045410156,140.32666015625,96429300,0.0,0.0,0.6305412121212123
2020-11-05,142.76666259765625,146.6666717529297,141.3333282470703,146.02999877929688,85243500,0.0,0.0,0.640851210191082
2020-11-06,145.36666870117188,145.52333068847656,141.42666625976562,143.31666564941406,65118000,0.0,0.0,0.6509077519379838
2020-11-09,146.5,150.8333282470703,140.3333282470703,140.4199981689453,104499000,0.0,0.0,0.5953314397649354
2020-11-10,140.02999877929688,140.02999877929688,132.00999450683594,136.7866668701172,90852600,0.0,0.0,0.6326347926267268
2020-11-11,138.81666564941406,139.56666564941406,136.86000061035156,139.0433349609375,52073100,0.0,0.0,0.6493695517774345
2020-11-12,138.35000610351562,141.0,136.5066680908203,137.25332641601562,59565300,0.0,0.0,0.6324399385560675
2020-11-13,136.9499969482422,137.50999450683594,133.8866729736328,136.1666717529297,59313300,0.0,0.0,0.7033760942760956
2020-11-16,136.30999755859375,137.48333740234375,134.69667053222656,136.02999877929688,80515800,0.0,0.0,0.4901422129242203
2020-11-17,153.38999938964844,154.0,144.336669921875,147.20333862304688,183564900,0.0,0.0,0.6133442879499198
2020-11-18,149.4499969482422,165.3333282470703,147.8333282470703,162.2133331298828,234132000,0.0,0.0,0.5465333906070975
2020-11-19,164.0,169.5366668701172,162.52333068847656,166.42333984375,187425900,0.0,0.0,0.5734913850231929
2020-11-20,165.99667358398438,167.5,163.02000427246094,163.20333862304688,98735700,0.0,0.0,0.6723066431095406
2020-11-23,167.8333282470703,175.3333282470703,167.26333618164062,173.9499969482422,150780900,0.0,0.0,0.5751781959048143
2020-11-24,180.13333129882812,186.663330078125,175.39999389648438,185.1266632080078,160945500,0.0,0.0,0.5511323845886835
2020-11-25,183.35333251953125,191.3333282470703,181.7899932861328,191.3333282470703,146790600,0.0,0.0,0.6186137581462668
2020-11-27,193.72000122070312,199.5933380126953,192.8166656494141,195.2533264160156,112683300,0.0,0.0,0.6270456644433048
2020-11-30,200.73666381835935,202.6000061035156,184.836669921875,189.1999969482422,189009300,0.0,0.0,0.5778323154362406
2020-12-01,199.19667053222656,199.2833404541016,190.68333435058597,194.9199981689453,120310500,0.0,0.0,0.655163510520486
2020-12-02,185.47999572753903,190.51333618164065,180.40333557128903,189.60667419433597,143327100,0.0,0.0,0.6247853580048257
2020-12-03,196.67333984375,199.6566619873047,194.1433258056641,197.7933349609375,127656000,0.0,0.0,0.603705110602592
2020-12-04,197.0033264160156,199.67999267578125,195.1666717529297,199.67999267578125,88203900,0.0,0.0,0.5726733043950071
2020-12-07,201.63999938964844,216.26333618164065,201.01666259765625,213.9199981689453,168929100,0.0,0.0,0.5340618807194685
2020-12-08,208.5033264160156,217.0933380126953,206.1666717529297,216.6266632080078,192795000,0.0,0.0,0.6158905435759235
2020-12-09,217.89666748046875,218.10667419433597,196.0,201.4933319091797,213873600,0.0,0.0,0.5974418881295865
2020-12-10,191.4566650390625,209.25,188.77999877929688,209.02333068847656,201249600,0.0,0.0,0.5850986632864738
2020-12-11,205.0033264160156,208.0,198.93333435058597,203.3300018310547,139425000,0.0,0.0,0.6167416702539797
2020-12-14,206.3333282470703,214.25,203.3999938964844,213.27667236328125,156121800,0.0,0.0,0.5938290099009885
2020-12-15,214.4266662597656,215.63333129882807,207.93333435058597,211.0833282470703,135214500,0.0,0.0,0.5870527445109769
2020-12-16,209.41000366210935,210.8333282470703,201.6666717529297,207.58999633789065,126287400,0.0,0.0,0.6195327157226037
2020-12-17,209.39666748046875,219.60667419433597,206.5,218.63333129882807,168810300,0.0,0.0,0.5967347412480952
2020-12-18,222.96665954589844,231.6666717529297,209.51333618164065,231.6666717529297,666378600,0.0,0.0,0.5234042268404392
2020-12-21,222.0800018310547,222.8333282470703,215.35667419433597,216.6199951171875,174135900,0.0,0.0,0.6347234455958554
2020-12-22,216.0,216.6266632080078,204.7433319091797,213.44667053222656,155148000,0.0,0.0,0.6314034223134818
2020-12-23,210.73333740234372,217.1666717529297,207.52333068847656,215.32666015625,99519000,0.0,0.0,0.5815059236947774
2020-12-24,214.3300018310547,222.02999877929688,213.6666717529297,220.58999633789065,68596800,0.0,0.0,0.6793368597816958
2020-12-28,224.836669921875,227.13333129882807,220.26666259765625,221.22999572753903,96835800,0.0,0.0,0.5787957519116398
2020-12-29,220.3333282470703,223.3000030517578,218.3333282470703,221.9966735839844,68732400,0.0,0.0,0.5949569871159563
2020-12-30,224.0,232.1999969482422,222.7866668701172,231.5933380126953,128538000,0.0,0.0,0.5585978178368122
2020-12-31,233.3300018310547,239.5733337402344,230.3733367919922,235.22332763671875,148949700,0.0,0.0,0.5978496352785135
2021-01-04,239.82000732421875,248.163330078125,239.06333923339844,243.2566680908203,145914600,0.0,0.0,0.6108559518295498
2021-01-05,241.22000122070312,246.94667053222656,239.73333740234372,245.0366668701172,96735600,0.0,0.0,0.581233903966597
2021-01-06,252.8300018310547,258.0,249.6999969482422,251.9933319091797,134100000,0.0,0.0,0.6189457571324061
2021-01-07,259.2099914550781,272.3299865722656,258.3999938964844,272.0133361816406,154496700,0.0,0.0,0.5861807683564463
2021-01-08,285.3333435058594,294.8299865722656,279.4633178710937,293.3399963378906,225166500,0.0,0.0,0.6035024071526861
2021-01-11,283.1333312988281,284.8099975585937,267.8733215332031,270.39666748046875,177904800,0.0,0.0,0.6438612178088206
2021-01-12,277.0,289.3333435058594,275.7799987792969,283.14666748046875,138812100,0.0,0.0,0.6010684816428125
2021-01-13,284.2533264160156,286.8233337402344,277.3333435058594,284.8033447265625,99937500,0.0,0.0,0.5925677011494251
2021-01-14,281.1300048828125,287.6666564941406,279.5833435058594,281.6666564941406,93798900,0.0,0.0,0.6284644367716868
2021-01-15,284.0,286.6333312988281,273.0333251953125,275.3866577148437,116332800,0.0,0.0,0.6288432782492183
2021-01-19,279.26666259765625,283.3333435058594,277.6666564941406,281.51666259765625,76101000,0.0,0.0,0.6264469812630116
2021-01-20,286.2466735839844,286.5,279.09332275390625,283.4833374023437,76997700,0.0,0.0,0.6387392421323057
2021-01-21,285.0,285.239990234375,280.47332763671875,281.663330078125,61563300,0.0,0.0,0.6257292438271607
2021-01-22,278.10333251953125,282.6666564941406,276.2066650390625,282.2133178710937,60199500,0.0,0.0,0.6585403383214059
2021-01-25,285.0,300.1333312988281,279.6066589355469,293.6000061035156,123520200,0.0,0.0,0.652363541170869
2021-01-26,297.1266784667969,298.6333312988281,290.5333251953125,294.36334228515625,69394800,0.0,0.0,0.6950369855394886
2021-01-27,290.1166687011719,297.1666564941406,286.2200012207031,288.0533447265625,82002000,0.0,0.0,0.7049535753982946
2021-01-28,273.3333435058594,282.6666564941406,267.0,278.4766540527344,79134000,0.0,0.0,0.6820463084316277
2021-01-29,276.6666564941406,280.8033447265625,260.0333251953125,264.510009765625,104972400,0.0,0.0,0.6785765111561856
2021-02-01,271.42999267578125,280.6666564941406,265.1866760253906,279.9366760253906,76174200,0.0,0.0,0.6310469658337572
2021-02-02,281.5599975585937,293.5,280.7333374023437,290.92999267578125,73038600,0.0,0.0,0.6334758640552991
2021-02-03,292.3399963378906,292.6933288574219,284.35333251953125,284.89666748046875,55030500,0.0,0.0,0.7269956821026278
2021-02-04,285.0,285.5,277.8066711425781,283.3299865722656,47438100,0.0,0.0,0.6902888737201357
2021-02-05,281.6666564941406,288.25665283203125,279.6566772460937,284.07666015625,55699800,0.0,0.0,0.6202225853304282
2021-02-08,289.8900146484375,292.5899963378906,284.9166564941406,287.8066711425781,60485100,0.0,0.0,0.6539960937499997
2021-02-09,285.0400085449219,286.6000061035156,280.5833435058594,283.1533203125,45473100,0.0,0.0,0.5890286210892242
2021-02-10,281.2133178710937,281.6066589355469,266.67333984375,268.2733459472656,108648300,0.0,0.0,0.6114206415094322
2021-02-11,270.8133239746094,276.6266784667969,267.24334716796875,270.5533447265625,64868400,0.0,0.0,0.6142769269776857
2021-02-12,267.086669921875,272.4433288574219,261.77667236328125,272.0400085449219,71304900,0.0,0.0,0.6084651318730433
2021-02-16,272.6666564941406,273.6666564941406,264.14666748046875,265.4066772460937,59406900,0.0,0.0,0.6324711282051282
2021-02-17,259.6966552734375,266.61334228515625,254.0033264160156,266.04998779296875,77989500,0.0,0.0,0.623988907908251
2021-02-18,260.29998779296875,264.89666748046875,258.75665283203125,262.4599914550781,53871300,0.0,0.0,0.6529151075268816
2021-02-19,265.0,265.5966796875,259.1233215332031,260.4333190917969,56874900,0.0,0.0,0.6614708089097303
2021-02-22,254.2133331298828,256.1666564941406,236.73333740234372,238.1666717529297,111809100,0.0,0.0,0.6228978214093608
2021-02-23,220.7100067138672,237.8699951171875,206.3333282470703,232.94667053222656,199820700,0.0,0.0,0.6367516569555752
2021-02-24,237.2833404541016,248.3333282470703,231.38999938964844,247.33999633789065,110301000,0.0,0.0,0.6048779711096528
2021-02-25,242.0500030517578,245.73666381835935,223.52667236328125,227.4066619873047,117071700,0.0,0.0,0.6485130651477385
2021-02-26,233.3333282470703,235.5666656494141,219.836669921875,225.1666717529297,123267600,0.0,0.0,0.6346990750256927
2021-03-01,230.0366668701172,239.6666717529297,228.3500061035156,239.47666931152344,81408600,0.0,0.0,0.6215695724597441
2021-03-02,239.4266662597656,240.3699951171875,228.3333282470703,228.81333923339844,71196600,0.0,0.0,0.5912060529634299
2021-03-03,229.3300018310547,233.5666656494141,217.23666381835935,217.73333740234372,90624000,0.0,0.0,0.5549371302428246
2021-03-04,218.6000061035156,222.8166656494141,200.0,207.14666748046875,197758500,0.0,0.0,0.6052287331536383
2021-03-05,208.6866607666016,209.27999877929688,179.8300018310547,199.3166656494141,268189500,0.0,0.0,0.6060712410292357
2021-03-08,200.18333435058597,206.7100067138672,186.26333618164065,187.6666717529297,155361000,0.0,0.0,0.5657784021871177
2021-03-09,202.72666931152344,226.02999877929688,198.40333557128903,224.52667236328125,202569900,0.0,0.0,0.5949399284638578
2021-03-10,233.43333435058597,239.2833404541016,218.35333251953125,222.6866607666016,181817100,0.0,0.0,0.5670666760881838
2021-03-11,233.13333129882807,234.1666717529297,225.72666931152344,233.1999969482422,108761700,0.0,0.0,0.5445885275849458
2021-03-12,223.3333282470703,231.6266632080078,222.04666137695312,231.2433319091797,100751400,0.0,0.0,0.5868201456310665
2021-03-15,231.3633270263672,237.72666931152344,228.01333618164065,235.97999572753903,88006800,0.0,0.0,0.5002256299496034
2021-03-16,234.4499969482422,235.97332763671875,223.6666717529297,225.6266632080078,96587100,0.0,0.0,0.586990232858991
2021-03-17,218.9566650390625,234.57666015625,217.0033264160156,233.9366607666016,121117500,0.0,0.0,0.5419832907075861
2021-03-18,228.0966644287109,229.7433319091797,217.3333282470703,217.72000122070312,99674400,0.0,0.0,0.5898820155038754
2021-03-19,215.5333404541016,219.07666015625,208.2066650390625,218.2899932861328,128682000,0.0,0.0,0.5775137585661567
2021-03-22,228.19667053222656,233.2066650390625,222.9166717529297,223.3333282470703,118536600,0.0,0.0,0.5541084805653703
2021-03-23,225.2566680908203,225.93333435058597,219.1699981689453,220.72000122070312,91475700,0.0,0.0,0.595548012618296
2021-03-24,222.6366729736328,222.67333984375,210.0366668701172,210.08999633789065,101385600,0.0,0.0,0.6158573088092909
2021-03-25,204.3333282470703,215.1666717529297,203.1666717529297,213.4633331298828,117674700,0.0,0.0,0.6411580864497316
2021-03-26,213.9566650390625,214.60667419433597,199.9633331298828,206.23666381835935,101558400,0.0,0.0,0.6197302019315177
2021-03-29,205.2133331298828,205.4933319091797,198.67333984375,203.76333618164065,85911000,0.0,0.0,0.5904335045662098
2021-03-30,200.5833282470703,212.55332946777344,197.0033264160156,211.8733367919922,118297200,0.0,0.0,0.5929907877744282
2021-03-31,215.5399932861328,224.0,213.70333862304688,222.6433258056641,100011900,0.0,0.0,0.6077182752457545
2021-04-01,229.4566650390625,230.80667114257807,219.80667114257807,220.5833282470703,105895200,0.0,0.0,0.6148717207647842
2021-04-05,235.90333557128903,236.05332946777344,228.23333740234372,230.3500061035156,125528400,0.0,0.0,0.5567843057607081
2021-04-06,230.1000061035156,232.18333435058597,227.1233367919922,230.5399932861328,84815400,0.0,0.0,0.5765131257631243
2021-04-07,229.0,230.4600067138672,222.6133270263672,223.6566619873047,78928200,0.0,0.0,0.5667826935588807
2021-04-08,225.7933349609375,229.8500061035156,223.88333129882807,227.93333435058597,71772900,0.0,0.0,0.5319591331269347
2021-04-09,225.92333984375,226.9900054931641,223.1433258056641,225.67333984375,64311300,0.0,0.0,0.622160538116592
2021-04-12,228.5666656494141,234.93333435058597,227.3633270263672,233.9933319091797,87407100,0.0,0.0,0.5573643916913947
2021-04-13,237.5666656494141,254.3333282470703,236.8866729736328,254.10667419433597,133958400,0.0,0.0,0.5404397900440217
2021-04-14,256.8999938964844,260.2633361816406,242.6766662597656,244.07666015625,147052200,0.0,0.0,0.5778050000000006
2021-04-15,247.6999969482422,247.89666748046875,240.4366607666016,246.2833404541016,83546700,0.0,0.0,0.5941101145989026
2021-04-16,242.88333129882807,249.80332946777344,241.5333404541016,246.5933380126953,83938500,0.0,0.0,0.6134108365019012
2021-04-19,239.86666870117188,241.8000030517578,230.6000061035156,238.2100067138672,119058600,0.0,0.0,0.5477132068452356
2021-04-20,239.13999938964844,245.75,236.89666748046875,239.663330078125,106827000,0.0,0.0,0.5656560061601632
2021-04-21,234.92333984375,248.27999877929688,232.6666717529297,248.0399932861328,93646500,0.0,0.0,0.5477902762430928
2021-04-22,247.1666717529297,251.2566680908203,239.3466644287109,239.89666748046875,106770900,0.0,0.0,0.5608490069284064
2021-04-23,239.93333435058597,245.7866668701172,238.48666381835935,243.13333129882807,85110000,0.0,0.0,0.6129186471663619
2021-04-26,247.0,249.76666259765625,244.20333862304688,246.0666656494141,93115500,0.0,0.0,0.5395531069364156
2021-04-27,239.32000732421875,241.3333282470703,234.4499969482422,234.913330078125,88311000,0.0,0.0,0.5634057251908384
2021-04-28,232.1366729736328,236.1666717529297,231.1999969482422,231.46665954589844,66813000,0.0,0.0,0.5794442849254556
2021-04-29,233.1699981689453,234.0833282470703,222.8333282470703,225.6666717529297,86536200,0.0,0.0,0.5507259423503313
2021-04-30,222.52999877929688,238.4900054931641,222.04666137695312,236.47999572753903,122276100,0.0,0.0,0.5485223654283536
2021-05-03,234.6000061035156,235.3333282470703,226.8333282470703,228.3000030517578,81129300,0.0,0.0,0.6046240181268878
2021-05-04,226.31333923339844,227.8166656494141,219.23333740234372,224.5333404541016,89217900,0.0,0.0,0.5692575984990621
2021-05-05,227.0200042724609,228.43333435058597,222.44667053222656,223.64666748046875,65705700,0.0,0.0,0.5697492406075142
2021-05-06,226.9199981689453,227.0066680908203,216.6666717529297,221.17999267578125,83353800,0.0,0.0,0.5425119739181979
2021-05-07,221.93333435058597,230.0,220.0733337402344,224.1233367919922,70407600,0.0,0.0,0.5725152128401939
2021-05-10,221.63333129882807,221.68333435058597,209.20333862304688,209.67999267578125,94177200,0.0,0.0,0.5542858809801624
2021-05-11,199.7466735839844,209.0333404541016,198.5333404541016,205.73333740234372,139511700,0.0,0.0,0.554568553459119
2021-05-12,200.8300018310547,206.80332946777344,195.58999633789065,196.6300048828125,101470800,0.0,0.0,0.5849922026431708
2021-05-13,200.51333618164065,202.15333557128903,186.5500030517578,190.56333923339844,132554700,0.0,0.0,0.546459700979554
2021-05-14,194.47000122070312,197.6233367919922,190.15333557128903,196.5800018310547,100112700,0.0,0.0,0.5505718091963896
2021-05-17,191.8500061035156,196.57666015625,187.0666656494141,192.27667236328125,97171200,0.0,0.0,0.5172181493248627
2021-05-18,189.3333282470703,198.75,187.7933349609375,192.6233367919922,110491800,0.0,0.0,0.4976421727558669
2021-05-19,184.18333435058597,188.73666381835935,182.32666015625,187.82000732421875,118735200,0.0,0.0,0.5605968583283915
2021-05-20,191.6666717529297,196.2833404541016,190.35667419433597,195.5933380126953,92463300,0.0,0.0,0.5206748700173294
2021-05-21,198.70333862304688,198.8933258056641,193.3333282470703,193.6266632080078,78091800,0.0,0.0,0.5640841895261841
2021-05-24,193.86666870117188,204.82666015625,191.21665954589844,202.14666748046875,103674300,0.0,0.0,0.5258114354066964
2021-05-25,202.4366607666016,204.663330078125,198.57000732421875,201.56333923339844,84017700,0.0,0.0,0.5831167655786351
2021-05-26,202.5200042724609,208.72332763671875,200.5,206.3766632080078,85917900,0.0,0.0,0.5244496743635282
2021-05-27,206.7466735839844,210.3766632080078,205.40333557128903,210.2833404541016,79111800,0.0,0.0,0.5892029469548131
2021-05-28,209.5,211.8633270263672,207.4600067138672,208.4066619873047,68211000,0.0,0.0,0.5555717147435902
2021-06-01,209.26666259765625,211.26666259765625,206.8500061035156,207.96665954589844,54254700,0.0,0.0,0.5585416386083049
2021-06-02,206.7100067138672,207.7866668701172,199.7133331298828,201.7066650390625,69908400,0.0,0.0,0.5397262610088069
2021-06-03,200.6000061035156,201.51666259765625,190.4066619873047,190.94667053222656,90335700,0.0,0.0,0.5406491810535631
2021-06-04,193.23666381835935,200.20333862304688,192.3999938964844,199.68333435058597,72110700,0.0,0.0,0.5135414231856742
2021-06-07,197.27667236328125,203.3333282470703,194.2933349609375,201.7100067138672,67631100,0.0,0.0,0.501660678759508
2021-06-08,207.6699981689453,207.69667053222656,198.5,201.19667053222656,78160200,0.0,0.0,0.5191184869739474
2021-06-09,200.72332763671875,203.92999267578125,199.2100067138672,199.5933380126953,49753800,0.0,0.0,0.5753236510791364
2021-06-10,201.2933349609375,205.52999877929688,200.1666717529297,203.3733367919922,71758800,0.0,0.0,0.5431951313755785
2021-06-11,203.41000366210935,204.1866607666016,200.5066680908203,203.29666137695312,48615900,0.0,0.0,0.5118741087083576
2021-06-14,204.07666015625,208.4966735839844,203.05999755859372,205.89666748046875,61272000,0.0,0.0,0.5633384113166484
2021-06-15,205.56333923339844,205.5966644287109,199.41000366210935,199.7866668701172,53292300,0.0,0.0,0.5339515057113187
2021-06-16,199.17999267578125,202.8333282470703,197.8333282470703,201.6233367919922,66432300,0.0,0.0,0.5758719999999994
2021-06-17,200.6300048828125,207.1566619873047,200.44667053222656,205.5333404541016,68104200,0.0,0.0,0.5677875354107647
2021-06-18,204.4566650390625,209.4499969482422,203.93333435058597,207.7700042724609,73682700,0.0,0.0,0.5354642679900735
2021-06-21,208.16000366210935,210.4633331298828,202.9600067138672,206.94332885742188,74438100,0.0,0.0,0.5379911512844906
2021-06-22,206.0833282470703,209.52333068847656,205.1666717529297,207.90333557128903,57476700,0.0,0.0,0.525457894736842
2021-06-23,210.6666717529297,219.0666656494141,210.01333618164065,218.85667419433597,93297600,0.0,0.0,0.4828349185946863
2021-06-24,224.9966735839844,232.5399932861328,222.5366668701172,226.60667419433597,137947200,0.0,0.0,0.5012289757805641
2021-06-25,229.8600006103516,231.2700042724609,222.8999938964844,223.9566650390625,97490100,0.0,0.0,0.5984025187202172
2021-06-28,223.8800048828125,231.5666656494141,223.44000244140625,229.5733337402344,64884600,0.0,0.0,0.533256078706956
2021-06-29,228.21665954589844,229.1699981689453,225.29666137695312,226.9199981689453,52143900,0.0,0.0,0.5681822199383341
2021-06-30,226.58999633789065,230.9366607666016,226.04666137695312,226.5666656494141,56774700,0.0,0.0,0.5445908014571942
2021-07-01,227.97332763671875,229.3300018310547,224.26666259765625,225.97332763671875,55903500,0.0,0.0,0.639099705014749
2021-07-02,226.32666015625,233.3333282470703,224.4199981689453,226.3000030517578,81163500,0.0,0.0,0.4863642201834863
2021-07-06,227.23666381835935,228.0,217.13333129882807,219.8600006103516,69853500,0.0,0.0,0.4926302231237314
2021-07-07,221.42333984375,221.8999938964844,212.77333068847656,214.88333129882807,56376000,0.0,0.0,0.5396586243386227
2021-07-08,209.4566650390625,218.1433258056641,206.82000732421875,217.60333251953125,68319900,0.0,0.0,0.5467280762564982
2021-07-09,217.72666931152344,219.6366729736328,214.89666748046875,218.98333740234372,54421500,0.0,0.0,0.5753610864745007
2021-07-12,220.73333740234372,229.0800018310547,220.72000122070312,228.5666656494141,77781000,0.0,0.0,0.5538800330032992
2021-07-13,228.77333068847656,231.0933380126953,222.1000061035156,222.8466644287109,62898300,0.0,0.0,0.6061525162337662
2021-07-14,223.5833282470703,226.20333862304688,217.6133270263672,217.7933349609375,64923600,0.0,0.0,0.5597543499511243
2021-07-15,219.4633331298828,222.04666137695312,212.6266632080078,216.86666870117188,60628800,0.0,0.0,0.5873503012048188
2021-07-16,218.22666931152344,218.8999938964844,214.0666656494141,214.7400054931641,49113000,0.0,0.0,0.6333627937336812
2021-07-19,209.9633331298828,215.73333740234372,207.0966644287109,215.4066619873047,63891300,0.0,0.0,0.5590404232804231
2021-07-20,217.3300018310547,220.79666137695312,213.5,220.1666717529297,46461300,0.0,0.0,0.5646872413793104
2021-07-21,219.8699951171875,221.6199951171875,216.76333618164065,218.42999267578125,41859900,0.0,0.0,0.5728051312649165
2021-07-22,218.81333923339844,220.72332763671875,214.86666870117188,216.4199981689453,45317100,0.0,0.0,0.575045168295331
2021-07-23,215.45333862304688,216.26666259765625,212.43333435058597,214.4600067138672,43814700,0.0,0.0,0.6062090909090906
2021-07-26,216.9900054931641,222.73333740234372,215.70333862304688,219.2066650390625,76009800,0.0,0.0,0.5168406415227339
2021-07-27,221.13333129882807,222.1666717529297,209.0800018310547,214.9266662597656,98439900,0.0,0.0,0.5794566826923063
2021-07-28,215.6666717529297,218.3233337402344,213.13333129882807,215.66000366210935,48019800,0.0,0.0,0.5676201995012461
2021-07-29,216.5966644287109,227.89666748046875,216.26666259765625,225.7833404541016,91183800,0.0,0.0,0.5405240000000003
2021-07-30,223.9199981689453,232.50999450683597,223.0,229.0666656494141,88969200,0.0,0.0,0.5120876598465466
2021-08-02,233.3333282470703,242.31333923339844,232.8000030517578,236.55667114257807,100847400,0.0,0.0,0.5099676600441497
2021-08-03,239.6666717529297,240.88333129882807,233.6699981689453,236.5800018310547,64860900,0.0,0.0,0.4766553618134252
2021-08-04,237.0,241.63333129882807,236.30999755859372,236.97332763671875,51007800,0.0,0.0,0.4930085341365451
2021-08-05,238.6666717529297,240.3166656494141,237.1366729736328,238.2100067138672,38758800,0.0,0.0,0.5516881993896228
2021-08-06,237.3000030517578,238.77667236328125,232.5433349609375,233.0333404541016,46869000,0.0,0.0,0.5122659770114939
2021-08-09,236.72332763671875,239.6766662597656,235.0433349609375,237.9199981689453,44145900,0.0,0.0,0.5026712383488682
2021-08-10,237.9966735839844,238.8633270263672,233.9600067138672,236.663330078125,40296900,0.0,0.0,0.5904564005069712
2021-08-11,237.57000732421875,238.3933258056641,234.73666381835935,235.94000244140625,29401800,0.0,0.0,0.559824826388889
2021-08-12,235.44667053222656,240.93333435058597,233.13333129882807,240.75,52377300,0.0,0.0,0.4933717411121232
2021-08-13,241.23666381835935,243.3000030517578,238.1133270263672,239.05667114257807,50194500,0.0,0.0,0.541545766871164
2021-08-16,235.02333068847656,236.5,225.46665954589844,228.72332763671875,68032200,0.0,0.0,0.481278577549271
2021-08-17,224.22000122070312,224.8600006103516,216.27999877929688,221.90333557128903,71163900,0.0,0.0,0.486533484504913
2021-08-18,223.25,231.92333984375,223.11666870117188,229.663330078125,61048200,0.0,0.0,0.528006825657895
2021-08-19,226.07000732421875,228.8500061035156,222.52999877929688,224.4900054931641,42940500,0.0,0.0,0.5111247674418608
2021-08-20,227.61666870117188,230.7100067138672,224.5666656494141,226.7533264160156,44525700,0.0,0.0,0.4991030188679239
2021-08-23,228.47999572753903,237.3766632080078,226.9166717529297,235.43333435058597,60794700,0.0,0.0,0.5791610687022902
2021-08-24,236.8933258056641,238.4066619873047,234.2133331298828,236.163330078125,39249300,0.0,0.0,0.5660381153305197
2021-08-25,235.6766662597656,238.9900054931641,234.6666717529297,237.0666656494141,37936800,0.0,0.0,0.4578270833333334
2021-08-26,236.10333251953125,238.46665954589844,232.5399932861328,233.72000122070312,39642900,0.0,0.0,0.5176058394160582
2021-08-27,235.0,238.3333282470703,234.0333404541016,237.30667114257807,41501400,0.0,0.0,0.551550474683544
2021-08-30,238.2400054931641,243.6666717529297,237.57666015625,243.6366729736328,55812600,0.0,0.0,0.4336974401321221
2021-08-31,244.3333282470703,246.79666137695312,242.14666748046875,245.2400054931641,62566200,0.0,0.0,0.4974067689530678
2021-09-01,244.69332885742188,247.3300018310547,243.7566680908203,244.69667053222656,39612900,0.0,0.0,0.5563442622950813
2021-09-02,244.8333282470703,246.9900054931641,243.51333618164065,244.1300048828125,38331900,0.0,0.0,0.5462039653035928
2021-09-03,244.0833282470703,244.6666717529297,241.3999938964844,244.52333068847656,45738300,0.0,0.0,0.5308581081081076
2021-09-07,246.6666717529297,253.3999938964844,246.4199981689453,250.97332763671875,60119400,0.0,0.0,0.4458472345132743
2021-09-08,253.8600006103516,254.8166656494141,246.92333984375,251.2899932861328,56379000,0.0,0.0,0.5792324034334767
2021-09-09,251.1366729736328,254.0333404541016,250.5433349609375,251.6199951171875,42233100,0.0,0.0,0.4597621813031157
2021-09-10,253.1999969482422,254.20333862304688,244.83999633789065,245.42333984375,45552600,0.0,0.0,0.4837777195281778
2021-09-13,246.73666381835935,248.25999450683597,236.2833404541016,247.6666717529297,68857500,0.0,0.0,0.520624047619047
2021-09-14,247.52333068847656,251.4900054931641,245.46665954589844,248.163330078125,55574700,0.0,0.0,0.5264453237410068
2021-09-15,248.3333282470703,252.2866668701172,246.1199951171875,251.94332885742188,46073100,0.0,0.0,0.4116872787610622
2021-09-16,250.94332885742188,252.97000122070312,249.20333862304688,252.3300018310547,41770200,0.0,0.0,0.577671071800207
2021-09-17,252.38333129882807,253.67999267578125,250.0,253.163330078125,84612600,0.0,0.0,0.5393006256517201
2021-09-20,244.85333251953125,247.3333282470703,239.5399932861328,243.38999938964844,74273100,0.0,0.0,0.5642126195028679
2021-09-21,244.92999267578125,248.2466735839844,243.47999572753903,246.4600067138672,48992100,0.0,0.0,0.6309661514683148
2021-09-22,247.8433380126953,251.22332763671875,246.3733367919922,250.64666748046875,45378900,0.0,0.0,0.4991251063829789
2021-09-23,251.6666717529297,252.73333740234372,249.30667114257807,251.2133331298828,35842500,0.0,0.0,0.636441725601131
2021-09-24,248.6300048828125,258.26666259765625,248.1866607666016,258.1300048828125,64119000,0.0,0.0,0.5075598232494907
2021-09-27,257.7066650390625,266.3333435058594,256.4366760253906,263.78668212890625,84212100,0.0,0.0,0.4341980903586399
2021-09-28,262.3999938964844,265.2133178710937,255.3933258056641,259.1866760253906,76144200,0.0,0.0,0.5875802173913043
2021-09-29,259.9333190917969,264.5,256.8933410644531,260.4366760253906,62828700,0.0,0.0,0.5662120223671941
2021-09-30,260.3333435058594,263.0433349609375,258.3333435058594,258.49334716796875,53868000,0.0,0.0,0.6346358885017415
2021-10-01,259.4666748046875,260.260009765625,254.52999877929688,258.4066772460937,51094200,0.0,0.0,0.48271
2021-10-04,265.5,268.989990234375,258.7066650390625,260.510009765625,91449900,0.0,0.0,0.5222333333333318
2021-10-05,261.6000061035156,265.7699890136719,258.0666809082031,260.1966552734375,55297800,0.0,0.0,0.4032214052287577
2021-10-06,258.7333374023437,262.2200012207031,257.739990234375,260.9166564941406,43898400,0.0,0.0,0.5421045512010115
2021-10-07,261.82000732421875,268.3333435058594,261.1266784667969,264.53668212890625,57587400,0.0,0.0,0.4248874669487028
2021-10-08,265.4033203125,265.4599914550781,260.3033447265625,261.8299865722656,50215800,0.0,0.0,0.5548818502202642
2021-10-11,262.54998779296875,267.0799865722656,261.8333435058594,263.9800109863281,42600900,0.0,0.0,0.5612721549636798
2021-10-12,266.9766540527344,270.7733459472656,265.5233459472656,268.5733337402344,66060000,0.0,0.0,0.5093499201277948
2021-10-13,270.1566772460937,271.8033447265625,268.59332275390625,270.3599853515625,42360300,0.0,0.0,0.4898905824039649
2021-10-14,271.8299865722656,273.4166564941406,271.1166687011719,272.7733459472656,36741600,0.0,0.0,0.530377202072538
2021-10-15,274.5799865722656,281.07000732421875,274.1166687011719,281.010009765625,56773800,0.0,0.0,0.4728563603164943
2021-10-18,283.92999267578125,291.7533264160156,283.8233337402344,290.03668212890625,72621600,0.0,0.0,0.5239878370625356
2021-10-19,292.510009765625,292.6499938964844,287.5033264160156,288.0899963378906,52143300,0.0,0.0,0.5540734890109892
2021-10-20,288.45001220703125,289.8299865722656,285.7933349609375,288.6000061035156,42096300,0.0,0.0,0.5426824867939857
2021-10-21,285.3333435058594,300.0,285.1666564941406,298.0,94444500,0.0,0.0,0.4782783365570588
2021-10-22,298.5,303.3333435058594,296.9866638183594,303.2266540527344,68642400,0.0,0.0,0.5014670045045043
2021-10-25,316.84332275390625,348.3399963378906,314.7333374023437,341.6199951171875,188556300,0.0,0.0,0.4020715017564434
2021-10-26,341.5633239746094,364.9800109863281,333.8133239746094,339.4766540527344,187245000,0.0,0.0,0.507573686266851
2021-10-27,346.5533447265625,356.9599914550781,343.59332275390625,345.9533386230469,115579500,0.0,0.0,0.5178373040752342
2021-10-28,356.10333251953125,360.3333435058594,351.3999938964844,359.0133361816406,81639600,0.0,0.0,0.5445079183955732
2021-10-29,360.6199951171875,371.7366638183594,357.7366638183594,371.3333435058594,89755200,0.0,0.0,0.5246134846029162
2021-11-01,381.6666564941406,403.25,372.88665771484375,402.86334228515625,168146100,0.0,0.0,0.4747217269151542
2021-11-02,386.4533386230469,402.86334228515625,382.0,390.6666564941406,128213400,0.0,0.0,0.5762564776318007
2021-11-03,392.4433288574219,405.1300048828125,384.2066650390625,404.6199951171875,103885500,0.0,0.0,0.4807676224226785
2021-11-04,411.4700012207031,414.4966735839844,405.6666564941406,409.9700012207031,76192200,0.0,0.0,0.5421384065372804
2021-11-05,409.3333435058594,413.2900085449219,402.6666564941406,407.36334228515625,64886400,0.0,0.0,0.5732355389541077
2021-11-08,383.2633361816406,399.0,377.6666564941406,387.6466674804688,100337100,0.0,0.0,0.5955258830341665
2021-11-09,391.2000122070313,391.5,337.17333984375,341.1666564941406,177317400,0.0,0.0,0.5650166450657332
2021-11-10,336.8033447265625,359.3666687011719,329.10333251953125,355.9833374023437,128408100,0.0,0.0,0.5339774659685883
2021-11-11,367.5899963378906,368.3233337402344,351.5599975585937,354.5033264160156,67189800,0.0,0.0,0.6160866874822594
2021-11-12,349.1666564941406,351.5,339.7333374023437,344.47332763671875,76719300,0.0,0.0,0.6289688785409383
2021-11-15,339.2099914550781,343.99334716796875,326.20001220703125,337.7966613769531,104326800,0.0,0.0,0.5281504153686385
2021-11-16,334.4366760253906,352.3999938964844,334.0599975585937,351.57666015625,79627200,0.0,0.0,0.5641996961640701
2021-11-17,354.5033264160156,373.21331787109375,351.8333435058594,363.0033264160156,94336200,0.0,0.0,0.5355171641791042
2021-11-18,368.8500061035156,370.6666564941406,358.3399963378906,365.4599914550781,62696700,0.0,0.0,0.5229234254143628
2021-11-19,366.2900085449219,379.5733337402344,364.23333740234375,379.0199890136719,64926900,0.0,0.0,0.4860304101838752
2021-11-22,387.4433288574219,400.6499938964844,377.4766540527344,385.6233215332031,99217500,0.0,0.0,0.5561128703254005
2021-11-23,389.1700134277344,393.5,354.2333374023437,369.6766662597656,108515100,0.0,0.0,0.5336722843093415
2021-11-24,360.1300048828125,377.5899963378906,354.0,372.0,67680600,0.0,0.0,0.5404304154302668
2021-11-26,366.489990234375,369.5933227539063,360.3333435058594,360.6400146484375,35042700,0.0,0.0,0.596538839645447
2021-11-29,366.9966735839844,380.8900146484375,366.7300109863281,378.9966735839844,58393500,0.0,0.0,0.4991604687499992
2021-11-30,381.4566650390625,389.3333435058594,372.6666564941406,381.586669921875,81276000,0.0,0.0,0.5414057961359084
2021-12-01,386.8999938964844,390.9466552734375,363.586669921875,365.0,68450400,0.0,0.0,0.4726749849669271
2021-12-02,366.3533325195313,371.0,352.2166748046875,361.5333251953125,73114800,0.0,0.0,0.5146300215982718
2021-12-03,361.5966796875,363.5266723632813,333.4033203125,338.3233337402344,92322000,0.0,0.0,0.538970429252782
2021-12-06,333.836669921875,340.5466613769531,316.8333435058594,336.336669921875,81663000,0.0,0.0,0.5293188474256022
2021-12-07,348.0666809082031,352.5566711425781,342.2699890136719,350.5833435058594,56084700,0.0,0.0,0.5514732765957444
2021-12-08,350.9033203125,357.4599914550781,344.3333435058594,356.32000732421875,41906400,0.0,0.0,0.5598740377886625
2021-12-09,353.5466613769531,354.163330078125,334.1199951171875,334.6000061035156,59438400,0.0,0.0,0.5770867809057525
2021-12-10,336.25,340.32666015625,327.510009765625,339.010009765625,59664300,0.0,0.0,0.5324198540706591
2021-12-13,333.6966552734375,335.0,317.1400146484375,322.1366577148437,78595500,0.0,0.0,0.5900270364817587
2021-12-14,315.0,322.1366577148437,310.0,319.5033264160156,70806300,0.0,0.0,0.5494018661811557
2021-12-15,317.7366638183594,326.25,309.4166564941406,325.3299865722656,75169200,0.0,0.0,0.4893651763536998
2021-12-16,331.5,331.6600036621094,307.2833251953125,308.97332763671875,82771500,0.0,0.0,0.5490006625258798
2021-12-17,304.92333984375,320.2200012207031,303.0133361816406,310.8566589355469,100437300,0.0,0.0,0.568575524833589
2021-12-20,303.5666809082031,307.2300109863281,297.7966613769531,299.9800109863281,56480100,0.0,0.0,0.5769751608751607
2021-12-21,305.6233215332031,313.1666564941406,295.3733215332031,312.84332275390625,71517900,0.0,0.0,0.4937545921277802
2021-12-22,321.8866577148437,338.5533447265625,319.01666259765625,336.2900085449219,93634200,0.0,0.0,0.5375092786590826
2021-12-23,335.6000061035156,357.6600036621094,332.5199890136719,355.6666564941406,92713200,0.0,0.0,0.5563145025295119
2021-12-27,357.8900146484375,372.3333435058594,356.9066772460937,364.6466674804688,71145900,0.0,0.0,0.5275333896396384
2021-12-28,369.8299865722656,373.0,359.47332763671875,362.8233337402344,60324000,0.0,0.0,0.5911453968253946
2021-12-29,366.21331787109375,368.0,354.7133178710937,362.0633239746094,56154000,0.0,0.0,0.5607795024136655
2021-12-30,353.77667236328125,365.1833190917969,351.04998779296875,356.7799987792969,47040900,0.0,0.0,0.5800058747855913
2021-12-31,357.8133239746094,360.6666564941406,351.5299987792969,352.260009765625,40733700,0.0,0.0,0.5926525916561308
2022-01-03,382.5833435058594,400.3566589355469,378.6799926757813,399.9266662597656,103931400,0.0,0.0,0.4672071479122455
2022-01-04,396.51666259765625,402.6666564941406,374.3500061035156,383.1966552734375,100248300,0.0,0.0,0.603466250380748
2022-01-05,382.2166748046875,390.11334228515625,360.336669921875,362.7066650390625,80119800,0.0,0.0,0.5393180302442785
2022-01-06,359.0,362.6666564941406,340.1666564941406,354.8999938964844,90336600,0.0,0.0,0.5619921819787979
2022-01-07,360.1233215332031,360.30999755859375,336.6666564941406,342.32000732421875,84164700,0.0,0.0,0.5409041705282654
2022-01-10,333.3333435058594,353.0333251953125,326.6666564941406,352.7066650390625,91815000,0.0,0.0,0.4761211185308842
2022-01-11,351.22332763671875,358.6166687011719,346.2733459472656,354.79998779296875,66063300,0.0,0.0,0.5279635013262609
2022-01-12,359.6166687011719,371.61334228515625,357.5299987792969,368.739990234375,83739000,0.0,0.0,0.4806294829995338
2022-01-13,369.6900024414063,371.8666687011719,342.17999267578125,343.85333251953125,97209900,0.0,0.0,0.5277021912350593
2022-01-14,339.9599914550781,350.6666564941406,337.7933349609375,349.8699951171875,72924300,0.0,0.0,0.512071254109909
2022-01-18,342.2033386230469,356.92999267578125,338.6866760253906,343.5033264160156,66743400,0.0,0.0,0.5116647955647954
2022-01-19,347.2366638183594,351.5566711425781,331.6666564941406,331.8833312988281,75442500,0.0,0.0,0.4719368179207349
2022-01-20,336.57666015625,347.2200012207031,331.3333435058594,332.0899963378906,70488600,0.0,0.0,0.5394981905268761
2022-01-21,332.11334228515625,334.8500061035156,313.5,314.6333312988281,103416000,0.0,0.0,0.6012261178861795
2022-01-24,301.586669921875,311.1700134277344,283.8233337402344,310.0,151565700,0.0,0.0,0.5640628247347236
2022-01-25,304.7333374023437,317.086669921875,301.07000732421875,306.1333312988281,86595900,0.0,0.0,0.5633302101576174
2022-01-26,317.4766540527344,329.2300109863281,302.0,312.4700012207031,104867400,0.0,0.0,0.4338531523323616
2022-01-27,311.1199951171875,311.7966613769531,276.3333435058594,276.3666687011719,147109500,0.0,0.0,0.5182538308637562
2022-01-28,277.1866760253906,285.8333435058594,264.0033264160156,282.1166687011719,134789100,0.0,0.0,0.5459705882352929
2022-01-31,290.9033203125,312.663330078125,287.3500061035156,312.239990234375,104436000,0.0,0.0,0.5036959688502072
2022-02-01,311.7366638183594,314.5666809082031,301.6666564941406,310.4166564941406,73138200,0.0,0.0,0.5635691185410341
2022-02-02,309.3933410644531,310.5,296.4700012207031,301.8866577148437,66792900,0.0,0.0,0.5644244977316911
2022-02-03,294.0,312.3333435058594,293.50665283203125,297.0466613769531,78855600,0.0,0.0,0.5404517548454677
2022-02-04,299.0733337402344,312.1666564941406,293.72332763671875,307.7733459472656,73625400,0.0,0.0,0.4945811733800349
2022-02-07,307.92999267578125,315.92333984375,300.9033203125,302.4466552734375,60994500,0.0,0.0,0.5105408184679953
2022-02-08,301.84332275390625,308.7633361816406,298.26666259765625,307.3333435058594,50729100,0.0,0.0,0.4743069745523092
2022-02-09,311.6666564941406,315.42333984375,306.6666564941406,310.6666564941406,52259400,0.0,0.0,0.4702301707779877
2022-02-10,302.7900085449219,314.60333251953125,298.8999938964844,301.51666259765625,66126900,0.0,0.0,0.54041704347826
2022-02-11,303.2099914550781,305.32000732421875,283.5666809082031,286.6666564941406,79645800,0.0,0.0,0.4813956748695014
2022-02-14,287.19000244140625,299.6266784667969,284.3833312988281,291.9200134277344,67756500,0.0,0.0,0.5190904444444447
2022-02-15,300.0,307.6666564941406,297.7933349609375,307.4766540527344,57286200,0.0,0.0,0.5209897459165149
2022-02-16,304.6833190917969,308.8099975585937,300.4033203125,307.7966613769531,51294300,0.0,0.0,0.5023877294685989
2022-02-17,304.4200134277344,306.1666564941406,291.3666687011719,292.1166687011719,55178400,0.0,0.0,0.5356032258064525
2022-02-18,295.3333435058594,295.6233215332031,279.2033386230469,285.6600036621094,68501700,0.0,0.0,0.4854949752300073
2022-02-22,278.0433349609375,285.57666015625,267.0333251953125,273.84332275390625,83288100,0.0,0.0,0.5044536821705424
2022-02-23,276.8099975585937,278.4333190917969,253.5200042724609,254.67999267578125,95256900,0.0,0.0,0.5195277375372818
2022-02-24,233.4633331298828,267.49334716796875,233.3333282470703,266.92333984375,135322200,0.0,0.0,0.517535170893053
2022-02-25,269.74334716796875,273.1666564941406,260.79998779296875,269.9566650390625,76067700,0.0,0.0,0.5172502276176026
2022-02-28,271.6700134277344,292.28668212890625,271.57000732421875,290.1433410644531,99006900,0.0,0.0,0.4870609517601052
